Age,Gender,Income,Satisfaction_Score,Feedback_Length,Region,Age_Group,Income_Category,Satisfaction_Level,Feedback_Length_Category,Region_Income_Avg,Income_per_Age
56.0,Male,53211.41,5.0,86.0,South,Old,Medium,High,Short,48830.679266203704,950.20375
46.0,Male,31313.92,2.0,107.0,East,Middle,Medium,Medium,Medium,49957.92934757835,680.7373913043477
32.0,Male,50620.58651851852,1.0,117.7925925925926,North,Adult,Medium,Low,Medium,48761.51526797385,1581.8933287037037
60.0,Female,55779.76,2.0,201.0,North,Old,Medium,Medium,Long,48761.51526797385,929.6626666666667
25.0,Male,36742.14,3.0,124.0,North,Young,Medium,Medium,Medium,48761.51526797385,1469.6856
38.0,Male,52305.88,2.0,182.0,East,Adult,Medium,Medium,Long,49957.92934757835,1376.4705263157894
56.0,Male,50873.13,2.0,126.0,East,Old,Medium,Medium,Long,49957.92934757835,908.4487499999999
36.0,Male,32855.45,5.0,166.0,South,Adult,Medium,High,Long,48830.679266203704,912.6513888888888
40.0,Other,55366.81,3.140740740740741,161.0,South,Middle,Medium,Medium,Long,48830.679266203704,1384.17025
41.24444444444445,Male,58411.77,5.0,126.0,South,Middle,Medium,High,Long,48830.679266203704,1416.23364762931
28.0,Female,66245.77,3.140740740740741,79.0,West,Young,High,Medium,Short,55462.574877314815,2365.9203571428575
41.0,Female,65807.03,5.0,109.0,East,Middle,High,High,Medium,49957.92934757835,1605.049512195122
53.0,Female,29334.96,1.0,179.0,North,Old,Low,Low,Long,48761.51526797385,553.4898113207547
57.0,Male,35932.62,3.140740740740741,155.0,South,Old,Medium,Medium,Long,48830.679266203704,630.3968421052632
41.0,Male,57725.53,1.0,102.0,North,Middle,Medium,Low,Short,48761.51526797385,1407.939756097561
20.0,Female,57706.79,1.0,117.7925925925926,South,Young,Medium,Low,Medium,48830.679266203704,2885.3395
39.0,Male,57725.72,5.0,50.0,West,Adult,Medium,High,Short,55462.574877314815,1480.1466666666668
41.24444444444445,Female,107790.97,4.0,177.0,West,Middle,High,High,Long,55462.574877314815,2613.4664062499996
41.0,Male,50620.58651851852,4.0,155.0,East,Middle,Medium,High,Long,49957.92934757835,1234.6484516711835
61.0,Male,67033.48,4.0,114.0,West,Old,High,High,Medium,55462.574877314815,1098.9095081967212
47.0,Male,64310.03,3.0,128.0,South,Middle,High,Medium,Long,48830.679266203704,1368.2985106382978
55.0,Male,59770.87,5.0,33.0,West,Old,Medium,High,Short,55462.574877314815,1086.743090909091
19.0,Female,45270.96,4.0,100.0,East,Young,Medium,High,Short,49957.92934757835,2382.682105263158
38.0,Female,61384.54,3.0,173.0,North,Adult,High,Medium,Long,48761.51526797385,1615.3826315789474
50.0,Male,38407.62,2.0,117.7925925925926,East,Old,Medium,Medium,Medium,49957.92934757835,768.1524000000001
29.0,Female,46447.72,2.0,133.0,North,Young,Medium,Medium,Long,48761.51526797385,1601.6455172413794
39.0,Male,42719.55,3.0,119.0,East,Adult,Medium,Medium,Medium,49957.92934757835,1095.373076923077
61.0,Male,50620.58651851852,3.0,151.0,East,Old,Medium,Medium,Long,49957.92934757835,829.8456806314512
41.24444444444445,Male,84719.88,5.0,108.0,East,Middle,High,High,Medium,49957.92934757835,2054.0919181034483
44.0,Male,21991.02,5.0,53.0,East,Middle,Low,High,Short,49957.92934757835,499.7959090909091
59.0,Other,60293.9,2.0,119.0,North,Old,High,Medium,Medium,48761.51526797385,1021.9305084745763
45.0,Male,25809.26,4.0,117.7925925925926,North,Middle,Low,High,Medium,48761.51526797385,573.5391111111111
33.0,Female,50620.58651851852,2.0,164.0,North,Adult,Medium,Medium,Long,48761.51526797385,1533.957167227834
32.0,Female,66334.26,4.0,62.0,East,Adult,High,High,Short,49957.92934757835,2072.945625
64.0,Male,50964.2,4.0,115.0,East,Old,Medium,High,Medium,49957.92934757835,796.315625
61.0,Other,33833.83,5.0,116.0,South,Old,Medium,High,Medium,48830.679266203704,554.6529508196721
20.0,Other,50620.58651851852,1.0,75.0,South,Young,Medium,Low,Short,48830.679266203704,2531.029325925926
54.0,Male,60193.97,1.0,139.0,North,Old,High,Low,Long,48761.51526797385,1114.703148148148
24.0,Female,39044.5,3.0,149.0,East,Young,Medium,Medium,Long,49957.92934757835,1626.8541666666667
38.0,Male,50620.58651851852,3.140740740740741,108.0,West,Adult,Medium,Medium,Medium,55462.574877314815,1332.1206978557504
26.0,Male,50683.58,4.0,202.0,East,Young,Medium,High,Long,49957.92934757835,1949.3684615384616
56.0,Male,40225.99,1.0,107.0,East,Old,Medium,Low,Medium,49957.92934757835,718.32125
35.0,Female,82159.16,4.0,102.0,East,Adult,High,High,Short,49957.92934757835,2347.4045714285717
21.0,Male,59508.79,1.0,100.0,South,Young,Medium,Low,Short,48830.679266203704,2833.751904761905
42.0,Male,19622.86,3.140740740740741,87.0,South,Middle,Low,Medium,Short,48830.679266203704,467.2109523809524
31.0,Male,52796.81,1.0,97.0,East,Adult,Medium,Low,Short,49957.92934757835,1703.1229032258063
41.24444444444445,Other,40073.2,5.0,62.0,East,Middle,Medium,High,Short,49957.92934757835,971.602370689655
41.24444444444445,Male,62786.5,2.0,112.0,East,Middle,High,Medium,Medium,49957.92934757835,1522.3019935344826
19.0,Male,38112.19,4.0,122.0,West,Young,Medium,High,Medium,55462.574877314815,2005.9047368421054
37.0,Female,48278.95,5.0,28.0,South,Adult,Medium,High,Short,48830.679266203704,1304.8364864864864
45.0,Other,57574.81,5.0,117.7925925925926,West,Middle,Medium,High,Medium,55462.574877314815,1279.4402222222222
64.0,Male,62986.33,5.0,117.7925925925926,East,Old,High,High,Medium,49957.92934757835,984.16140625
41.24444444444445,Female,31995.55,5.0,117.7925925925926,East,Middle,Medium,High,Medium,49957.92934757835,775.7541756465516
61.0,Female,44982.48,5.0,168.0,East,Old,Medium,High,Long,49957.92934757835,737.4177049180329
25.0,Male,42875.82,3.0,154.0,North,Young,Medium,Medium,Long,48761.51526797385,1715.0328
64.0,Female,40200.06,4.0,95.0,North,Old,Medium,High,Short,48761.51526797385,628.1259375
52.0,Male,76481.81,5.0,90.0,East,Old,High,High,Short,49957.92934757835,1470.8040384615383
31.0,Female,56074.73,4.0,143.0,South,Adult,Medium,High,Long,48830.679266203704,1808.8622580645163
34.0,Male,31086.74,3.0,98.0,East,Adult,Medium,Medium,Short,49957.92934757835,914.3158823529412
53.0,Female,63767.93,3.0,70.0,East,Old,High,Medium,Short,49957.92934757835,1203.1684905660377
57.0,Male,81832.34,4.0,214.0,West,Old,High,High,Long,55462.574877314815,1435.655087719298
21.0,Female,65486.98,1.0,107.0,North,Young,High,Low,Medium,48761.51526797385,3118.4276190476194
19.0,Male,27209.45,2.0,94.0,South,Young,Low,Medium,Short,48830.679266203704,1432.0763157894737
23.0,Male,42736.49,1.0,32.0,North,Young,Medium,Low,Short,48761.51526797385,1858.1082608695651
59.0,Male,69003.67,1.0,154.0,North,Old,High,Low,Long,48761.51526797385,1169.5537288135592
21.0,Female,50620.58651851852,1.0,80.0,North,Young,Medium,Low,Short,48761.51526797385,2410.5041199294533
46.0,Female,50620.58651851852,5.0,121.0,North,Middle,Medium,High,Medium,48761.51526797385,1100.447533011272
35.0,Male,61619.51,3.0,158.0,East,Adult,High,Medium,Long,49957.92934757835,1760.5574285714285
43.0,Female,50620.58651851852,1.0,81.0,East,Middle,Medium,Low,Short,49957.92934757835,1177.2229422911282
61.0,Male,49107.12,3.0,117.7925925925926,North,Old,Medium,Medium,Medium,48761.51526797385,805.0347540983607
51.0,Female,1380.99,3.140740740740741,180.0,South,Old,Low,Medium,Long,48830.679266203704,27.078235294117647
27.0,Male,34634.19,2.0,21.0,East,Young,Medium,Medium,Short,49957.92934757835,1282.7477777777779
53.0,Female,46211.48,4.0,87.0,South,Old,Medium,High,Short,48830.679266203704,871.9147169811322
31.0,Male,31283.25,4.0,83.0,South,Adult,Medium,High,Short,48830.679266203704,1009.1370967741935
48.0,Other,74486.17,5.0,112.0,South,Middle,High,High,Medium,48830.679266203704,1551.7952083333332
32.0,Male,28547.88,2.0,118.0,North,Adult,Low,Medium,Medium,48761.51526797385,892.12125
25.0,Male,43399.33,4.0,77.0,East,Young,Medium,High,Short,49957.92934757835,1735.9732000000001
31.0,Male,51961.11,4.0,93.0,South,Adult,Medium,High,Short,48830.679266203704,1676.1648387096775
40.0,Other,71619.1,2.0,117.7925925925926,North,Middle,High,Medium,Medium,48761.51526797385,1790.4775000000002
41.24444444444445,Female,28462.07,2.0,105.0,East,Middle,Low,Medium,Medium,49957.92934757835,690.082516163793
38.0,Male,67447.46,4.0,128.0,South,Adult,High,High,Long,48830.679266203704,1774.933157894737
33.0,Female,50153.5,3.140740740740741,156.0,North,Adult,Medium,Medium,Long,48761.51526797385,1519.8030303030303
62.0,Female,35277.37,4.0,162.0,East,Old,Medium,High,Long,49957.92934757835,568.9898387096774
35.0,Female,56931.55,4.0,146.0,East,Adult,Medium,High,Long,49957.92934757835,1626.6157142857144
64.0,Female,52985.9,5.0,85.0,West,Old,Medium,High,Short,55462.574877314815,827.9046875
41.0,Male,40996.75,1.0,119.0,North,Middle,Medium,Low,Medium,48761.51526797385,999.920731707317
43.0,Male,51047.03,4.0,214.0,East,Middle,Medium,High,Long,49957.92934757835,1187.1402325581396
42.0,Female,44220.3,3.0,160.0,West,Middle,Medium,Medium,Long,55462.574877314815,1052.8642857142859
62.0,Other,51702.76,1.0,117.7925925925926,West,Old,Medium,Low,Medium,55462.574877314815,833.9154838709678
58.0,Female,59931.96,3.140740740740741,183.0,East,Old,Medium,Medium,Long,49957.92934757835,1033.3096551724138
41.24444444444445,Male,73790.25,3.140740740740741,104.0,North,Middle,High,Medium,Medium,48761.51526797385,1789.095501077586
32.0,Male,31432.77,3.140740740740741,117.7925925925926,West,Adult,Medium,Medium,Medium,55462.574877314815,982.2740625
62.0,Female,50620.58651851852,4.0,175.0,North,Old,Medium,High,Long,48761.51526797385,816.4610728793309
18.0,Female,20718.68,5.0,67.0,North,Young,Low,High,Short,48761.51526797385,1151.0377777777778
42.0,Female,50620.58651851852,4.0,43.0,East,Middle,Medium,High,Short,49957.92934757835,1205.2520599647266
41.24444444444445,Female,58824.76,5.0,157.0,West,Middle,Medium,High,Long,55462.574877314815,1426.246875
26.0,Female,54214.88,5.0,121.0,West,Young,Medium,High,Medium,55462.574877314815,2085.187692307692
41.0,Male,40659.51,3.0,125.0,North,Middle,Medium,Medium,Medium,48761.51526797385,991.6953658536586
18.0,Male,46878.17,5.0,117.7925925925926,South,Young,Medium,High,Medium,48830.679266203704,2604.342777777778
61.0,Female,42604.99,2.0,110.0,East,Old,Medium,Medium,Medium,49957.92934757835,698.4424590163934
25.0,Female,41159.53,3.140740740740741,101.0,East,Young,Medium,Medium,Short,49957.92934757835,1646.3812
41.24444444444445,Male,62744.03,5.0,94.0,East,Middle,High,High,Short,49957.92934757835,1521.2722790948274
41.24444444444445,Male,55355.23,1.0,104.0,East,Middle,Medium,Low,Medium,49957.92934757835,1342.1257273706897
34.0,Female,39606.36,2.0,103.0,West,Adult,Medium,Medium,Medium,55462.574877314815,1164.8929411764707
41.24444444444445,Male,63494.0,2.0,86.0,West,Middle,High,Medium,Short,55462.574877314815,1539.4558189655172
52.0,Male,54609.49,3.140740740740741,98.0,South,Old,Medium,Medium,Short,48830.679266203704,1050.1825
52.0,Female,62192.93,3.0,19.0,East,Old,High,Medium,Short,49957.92934757835,1196.0178846153847
41.24444444444445,Female,59444.43,5.0,147.0,East,Middle,Medium,High,Long,49957.92934757835,1441.2712015086206
22.0,Female,37565.07,5.0,135.0,North,Young,Medium,High,Long,48761.51526797385,1707.5031818181817
59.0,Male,41597.28,1.0,116.0,West,Old,Medium,Low,Medium,55462.574877314815,705.0386440677966
56.0,Female,61209.4,1.0,129.0,East,Old,High,Low,Long,49957.92934757835,1093.025
58.0,Male,59155.55,2.0,130.0,South,Old,Medium,Medium,Long,48830.679266203704,1019.923275862069
45.0,Male,49686.48,3.140740740740741,91.0,South,Middle,Medium,Medium,Short,48830.679266203704,1104.144
24.0,Female,51759.91,3.0,98.0,West,Young,Medium,Medium,Short,55462.574877314815,2156.6629166666667
26.0,Male,69164.97,5.0,141.0,South,Young,High,High,Long,48830.679266203704,2660.191153846154
25.0,Female,41126.43,3.140740740740741,117.7925925925926,East,Young,Medium,Medium,Medium,49957.92934757835,1645.0572
29.0,Male,58206.46,1.0,201.0,West,Young,Medium,Low,Long,55462.574877314815,2007.1193103448275
51.0,Female,46967.11,3.0,184.0,East,Old,Medium,Medium,Long,49957.92934757835,920.923725490196
41.24444444444445,Male,46734.78,3.0,157.0,East,Middle,Medium,Medium,Long,49957.92934757835,1133.1169719827585
40.0,Male,66481.65,1.0,89.0,South,Middle,High,Low,Short,48830.679266203704,1662.0412499999998
41.0,Male,62381.25,5.0,97.0,South,Middle,High,High,Short,48830.679266203704,1521.4939024390244
54.0,Male,62202.64,1.0,79.0,East,Old,High,Low,Short,49957.92934757835,1151.9007407407407
52.0,Other,50620.58651851852,2.0,131.0,West,Old,Medium,Medium,Long,55462.574877314815,973.4728176638176
61.0,Male,50315.06,1.0,10.0,South,Old,Medium,Low,Short,48830.679266203704,824.8370491803279
57.0,Female,60229.29,3.140740740740741,101.0,North,Old,High,Medium,Short,48761.51526797385,1056.6542105263159
39.0,Female,45346.0,1.0,107.0,West,Adult,Medium,Low,Medium,55462.574877314815,1162.7179487179487
44.0,Female,54862.5,5.0,59.0,South,Middle,Medium,High,Short,48830.679266203704,1246.875
52.0,Female,48047.85,4.0,151.0,South,Old,Medium,High,Long,48830.679266203704,923.9971153846153
18.0,Female,51454.94,1.0,74.0,North,Young,Medium,Low,Short,48761.51526797385,2858.6077777777778
52.0,Female,58927.36,5.0,130.0,North,Old,Medium,High,Long,48761.51526797385,1133.2184615384615
54.0,Male,37726.69,5.0,231.0,East,Old,Medium,High,Long,49957.92934757835,698.6424074074074
64.0,Female,50620.58651851852,3.0,55.0,West,Old,Medium,Medium,Short,55462.574877314815,790.9466643518518
31.0,Male,34909.74,5.0,114.0,West,Adult,Medium,High,Medium,55462.574877314815,1126.1206451612902
20.0,Male,31787.17,5.0,103.0,East,Young,Medium,High,Medium,49957.92934757835,1589.3584999999998
18.0,Female,67371.66,5.0,117.7925925925926,West,Young,High,High,Medium,55462.574877314815,3742.8700000000003
22.0,Male,50620.58651851852,5.0,150.0,West,Young,Medium,High,Long,55462.574877314815,2300.9357508417506
43.0,Male,59361.8,2.0,117.7925925925926,West,Middle,Medium,Medium,Medium,55462.574877314815,1380.5069767441862
31.0,Other,59425.18,2.0,150.0,West,Adult,Medium,Medium,Long,55462.574877314815,1916.9412903225807
56.0,Other,49816.3,3.0,91.0,West,Old,Medium,Medium,Short,55462.574877314815,889.5767857142857
44.0,Male,36541.18,1.0,217.0,North,Middle,Medium,Low,Long,48761.51526797385,830.4813636363637
26.0,Male,51137.07,5.0,49.0,West,Young,Medium,High,Short,55462.574877314815,1966.8103846153847
32.0,Other,39842.57,1.0,78.0,North,Adult,Medium,Low,Short,48761.51526797385,1245.0803125
32.0,Male,64626.8,1.0,126.0,West,Adult,High,Low,Long,55462.574877314815,2019.5875
43.0,Other,47794.14,3.0,123.0,East,Middle,Medium,Medium,Medium,49957.92934757835,1111.4916279069766
41.24444444444445,Other,37617.54,5.0,139.0,South,Middle,Medium,High,Long,48830.679266203704,912.0632004310345
30.0,Female,50620.58651851852,5.0,183.0,North,Adult,Medium,High,Long,48761.51526797385,1687.3528839506173
49.0,Male,56193.97,4.0,115.0,West,Middle,Medium,High,Medium,55462.574877314815,1146.8157142857144
56.0,Male,41544.13,1.0,124.0,East,Old,Medium,Low,Medium,49957.92934757835,741.8594642857142
49.0,Female,37666.69,1.0,96.0,South,Middle,Medium,Low,Short,48830.679266203704,768.7079591836736
21.0,Male,53655.31,2.0,143.0,East,Young,Medium,Medium,Long,49957.92934757835,2555.0147619047616
